City_ID,City,Country,Date,Lat,Lng,Max Temp,Humidity,Cloudiness,Wind Speed
0,Mataura,NZ,2022-05-07 19:34:46,-46.1927,168.8643,57.47,98,100,3.29
1,Punta Arenas,CL,2022-05-07 19:34:46,-53.15,-70.9167,51.12,66,51,24.09
2,Saldanha,ZA,2022-05-07 19:34:47,-33.0117,17.9442,53.65,70,0,20.96
3,Ushuaia,AR,2022-05-07 19:34:47,-54.8,-68.3,53.26,47,20,24.16
4,Port Alfred,ZA,2022-05-07 19:34:48,-33.5906,26.891,64.18,80,100,3.0
5,Serowe,BW,2022-05-07 19:34:48,-22.3833,26.7167,65.91,35,85,3.83
6,Hilo,US,2022-05-07 19:33:35,19.7297,-155.09,88.29,81,20,3.0
7,Codrington,AU,2022-05-07 19:34:49,-38.2667,141.9667,53.38,83,73,8.59
8,Qaanaaq,GL,2022-05-07 19:34:49,77.484,-69.3632,19.76,79,100,1.05
9,Severo-Kurilsk,RU,2022-05-07 19:34:50,50.6789,156.125,39.85,91,100,4.21
10,Cape Town,ZA,2022-05-07 19:30:36,-33.9258,18.4232,58.91,76,0,11.99
11,Esna,EG,2022-05-07 19:34:50,25.2934,32.554,82.42,10,7,9.62
12,Barrow,US,2022-05-07 19:34:51,71.2906,-156.7887,21.22,93,100,10.36
13,Arraial Do Cabo,BR,2022-05-07 19:34:51,-22.9661,-42.0278,75.16,78,40,9.22
14,Butaritari,KI,2022-05-07 19:34:52,3.0707,172.7902,81.5,79,100,15.73
15,Minab,IR,2022-05-07 19:34:52,27.1467,57.0801,80.92,61,0,0.0
16,Kapaa,US,2022-05-07 19:34:52,22.0752,-159.319,80.58,84,100,20.71
17,Ambilobe,MG,2022-05-07 19:34:53,-13.2,49.05,73.11,87,19,4.23
18,Chuy,UY,2022-05-07 19:34:53,-33.6971,-53.4616,66.29,69,51,3.69
19,Upernavik,GL,2022-05-07 19:34:54,72.7868,-56.1549,18.27,78,9,6.96
20,Lewistown,US,2022-05-07 19:34:54,40.5992,-77.5714,49.95,100,100,14.97
21,Kodiak,US,2022-05-07 19:33:21,57.79,-152.4072,53.11,43,0,10.36
22,Yellowknife,CA,2022-05-07 19:34:36,62.456,-114.3525,37.92,100,100,24.16
23,West Helena,US,2022-05-07 19:34:55,34.5507,-90.6418,71.28,59,2,10.33
24,Ancud,CL,2022-05-07 19:34:55,-41.8697,-73.8203,55.63,89,100,17.81
25,Longyearbyen,SJ,2022-05-07 19:34:56,78.2186,15.6401,13.84,62,75,6.91
26,Severnyy,RU,2022-05-07 19:34:56,50.677,36.5532,53.64,32,0,4.47
27,Xinzhou,CN,2022-05-07 19:34:57,38.4092,112.7333,45.34,52,100,6.24
28,Hermanus,ZA,2022-05-07 19:34:57,-34.4187,19.2345,54.81,79,38,4.16
29,Tuktoyaktuk,CA,2022-05-07 19:34:57,69.4541,-133.0374,32.0,86,75,16.11
30,Jamestown,US,2022-05-07 19:34:58,42.097,-79.2353,64.53,42,0,14.97
31,Chokurdakh,RU,2022-05-07 19:34:58,70.6333,147.9167,14.14,95,98,9.93
32,Vao,NC,2022-05-07 19:34:59,-22.6667,167.4833,73.74,63,71,19.46
33,Coquimbo,CL,2022-05-07 19:32:29,-29.9533,-71.3436,58.73,77,100,3.44
34,Itaqui,BR,2022-05-07 19:30:50,-29.1253,-56.5531,67.23,70,79,6.62
35,Padang,ID,2022-05-07 19:34:59,-0.9492,100.3543,77.4,84,100,3.4
36,Nagornyy,RU,2022-05-07 19:35:00,52.7959,83.5498,37.67,43,28,6.8
37,Sines,PT,2022-05-07 19:34:11,37.9562,-8.8698,61.29,85,23,7.67
38,Busselton,AU,2022-05-07 19:35:00,-33.65,115.3333,59.9,65,84,3.13
39,Ribeira Grande,PT,2022-05-07 19:35:01,38.5167,-28.7,64.8,63,20,8.05
40,Lata,PT,2022-05-07 19:35:01,40.1629,-8.3327,61.86,62,100,1.95
41,Inhambane,MZ,2022-05-07 19:35:02,-23.865,35.3833,69.78,94,0,0.0
42,Bilma,NE,2022-05-07 19:35:02,18.6853,12.9164,95.77,12,100,4.81
43,Carnarvon,AU,2022-05-07 19:35:03,-24.8667,113.6333,66.27,77,75,5.75
44,Kruisfontein,ZA,2022-05-07 19:35:03,-34.0033,24.7314,56.88,81,100,6.26
45,Huilong,CN,2022-05-07 19:35:03,31.8111,121.655,61.93,78,62,9.4
46,Mao,ES,2022-05-07 19:35:04,39.8885,4.2658,63.16,63,20,4.61
47,Bluff,NZ,2022-05-07 19:35:04,-46.6,168.3333,57.79,98,100,5.21
48,Lebu,CL,2022-05-07 19:35:05,-37.6167,-73.65,57.99,75,6,6.53
49,Castro,BR,2022-05-07 19:35:05,-24.7911,-50.0119,61.41,65,72,3.36
50,Airai,TL,2022-05-07 19:34:52,-8.9266,125.4092,60.26,96,53,4.72
51,Georgetown,MY,2022-05-07 19:30:24,5.4112,100.3354,85.95,91,20,6.91
52,Sabile,LV,2022-05-07 19:35:06,57.0458,22.5726,46.56,97,92,6.49
53,Teruel,ES,2022-05-07 19:35:06,40.6667,-0.6667,49.03,69,0,7.83
54,Mar Del Plata,AR,2022-05-07 19:35:07,-38.0023,-57.5575,73.42,56,0,19.57
55,Yenagoa,NG,2022-05-07 19:35:07,4.9247,6.2642,78.35,92,100,4.41
56,Atuona,PF,2022-05-07 19:34:59,-9.8,-139.0333,78.4,73,19,16.2
57,Port Elizabeth,ZA,2022-05-07 19:35:08,-33.918,25.5701,61.09,78,20,4.61
58,Kagadi,UG,2022-05-07 19:35:08,0.9606,30.7967,65.23,86,98,3.76
59,Klaksvik,FO,2022-05-07 19:35:09,62.2266,-6.589,45.52,72,100,5.73
60,Puerto Ayora,EC,2022-05-07 19:35:09,-0.7393,-90.3518,80.56,79,40,9.91
61,Sisimiut,GL,2022-05-07 19:35:10,66.9395,-53.6735,33.08,58,1,8.23
62,Torata,PE,2022-05-07 19:35:10,-17.0769,-70.8433,63.79,51,56,8.32
63,Honningsvag,NO,2022-05-07 19:35:11,70.9821,25.9704,35.35,87,100,32.21
64,East London,ZA,2022-05-07 19:35:11,-33.0153,27.9116,64.67,87,100,18.19
65,Tilichiki,RU,2022-05-07 19:35:11,60.4667,166.1,31.39,99,100,5.21
66,Thompson,CA,2022-05-07 19:35:12,55.7435,-97.8558,66.36,52,40,9.22
67,Rikitea,PF,2022-05-07 19:35:12,-23.1203,-134.9692,77.36,83,70,12.5
68,Nikolskoye,RU,2022-05-07 19:35:13,59.7035,30.7861,52.72,87,100,3.04
69,Vaini,TO,2022-05-07 19:35:13,-21.2,-175.2,73.56,88,75,10.36
70,Aktau,KZ,2022-05-07 19:33:42,43.65,51.2,59.58,81,90,14.76
71,Arlit,NE,2022-05-07 19:35:14,18.7369,7.3853,95.52,12,100,8.12
72,Dikson,RU,2022-05-07 19:35:14,73.5069,80.5464,7.03,96,100,8.68
73,Leningradskiy,RU,2022-05-07 19:35:15,69.3833,178.4167,23.67,90,86,2.28
74,Saint-Philippe,RE,2022-05-07 19:35:15,-21.3585,55.7679,72.99,84,27,10.98
75,Brookings,US,2022-05-07 19:30:40,44.3114,-96.7984,73.11,57,0,28.77
76,Touho,NC,2022-05-07 19:35:16,-20.7833,165.2333,75.34,67,87,20.87
77,Misratah,LY,2022-05-07 19:35:16,32.3754,15.0925,65.44,69,9,11.18
78,Hobart,AU,2022-05-07 19:35:17,-42.8794,147.3294,53.46,78,100,12.66
79,Narsaq,GL,2022-05-07 19:35:17,60.9167,-46.05,53.82,70,100,5.44
80,Norman Wells,CA,2022-05-07 19:35:17,65.282,-126.8329,41.04,60,75,4.61
81,Mnogovershinnyy,RU,2022-05-07 19:35:18,53.9353,139.9242,27.41,80,85,2.89
82,Avarua,CK,2022-05-07 19:35:18,-21.2078,-159.775,82.45,78,40,4.61
83,Tashla,RU,2022-05-07 19:35:19,51.7716,52.7427,45.12,50,92,7.85
84,Ballina,AU,2022-05-07 19:35:19,-28.8667,153.5667,64.36,96,100,6.91
85,Antofagasta,CL,2022-05-07 19:32:32,-23.65,-70.4,63.68,77,53,6.17
86,Geraldton,AU,2022-05-07 19:35:20,-28.7667,114.6,55.81,88,100,8.05
87,Port-Gentil,GA,2022-05-07 19:35:20,-0.7193,8.7815,78.76,94,20,2.3
88,Puerto Madryn,AR,2022-05-07 19:35:21,-42.7692,-65.0385,78.08,32,14,5.73
89,Camopi,GF,2022-05-07 19:35:21,3.1655,-52.3158,79.05,94,96,3.11
90,Tiksi,RU,2022-05-07 19:35:22,71.6872,128.8694,6.15,96,13,7.16
91,Bredasdorp,ZA,2022-05-07 19:35:22,-34.5322,20.0403,54.93,89,40,1.74
92,Ngunguru,NZ,2022-05-07 19:35:22,-35.6167,174.5,57.49,80,66,4.45
93,Stornoway,GB,2022-05-07 19:35:23,58.2093,-6.3865,49.96,73,100,4.61
94,Peruibe,BR,2022-05-07 19:35:23,-24.32,-46.9983,68.13,72,96,3.62
95,Kavieng,PG,2022-05-07 19:35:24,-2.5744,150.7967,82.72,75,58,17.76
96,Gunnedah,AU,2022-05-07 19:35:24,-30.9833,150.25,43.63,73,1,2.98
97,Mezen,RU,2022-05-07 19:35:25,65.8522,44.24,44.22,90,16,12.5
98,Hithadhoo,MV,2022-05-07 19:35:25,-0.6,73.0833,83.89,77,12,15.37
99,Rocha,UY,2022-05-07 19:35:26,-34.4833,-54.3333,67.26,70,100,1.54
100,Kaduqli,SD,2022-05-07 19:35:26,11.0167,29.7167,85.53,49,77,8.9
101,New Norfolk,AU,2022-05-07 19:35:26,-42.7826,147.0587,53.1,69,91,3.11
102,Ucar,AZ,2022-05-07 19:35:27,40.519,47.6542,57.38,96,100,2.01
103,Maceio,BR,2022-05-07 19:35:12,-9.6658,-35.7353,78.24,88,75,11.5
104,Mwene-Ditu,CD,2022-05-07 19:35:27,-7.0,23.45,70.43,74,86,3.8
105,Wewak,PG,2022-05-07 19:35:28,-3.5534,143.6268,79.14,89,86,7.23
106,Kudahuvadhoo,MV,2022-05-07 19:35:28,2.6708,72.8944,83.89,78,100,12.97
107,Kommunisticheskiy,RU,2022-05-07 19:35:29,61.6789,64.4819,35.94,97,100,5.08
108,Lorengau,PG,2022-05-07 19:35:29,-2.0226,147.2712,82.18,82,66,13.06
109,Cherskiy,RU,2022-05-07 19:35:30,68.75,161.3,28.89,95,100,3.71
110,Tabuk,PH,2022-05-07 19:35:30,17.4189,121.4443,74.75,90,95,3.2
111,Karratha,AU,2022-05-07 19:35:31,-20.7377,116.8463,75.36,66,66,8.32
112,Boralday,KZ,2022-05-07 19:35:31,43.3578,76.8594,58.86,77,40,2.24
113,Neath,GB,2022-05-07 19:35:32,51.6632,-3.8044,61.18,78,92,2.35
114,Mozarlandia,BR,2022-05-07 19:35:32,-14.7447,-50.5706,88.97,45,69,8.41
115,Bengkulu,ID,2022-05-07 19:35:32,-3.8004,102.2655,76.73,84,100,0.83
116,Sitka,US,2022-05-07 19:35:33,57.0531,-135.33,46.29,71,40,5.75
117,Albany,US,2022-05-07 19:35:33,42.6001,-73.9662,60.46,34,100,3.0
118,Torbay,CA,2022-05-07 19:35:34,47.6666,-52.7314,43.29,62,75,19.57
119,Lusambo,CD,2022-05-07 19:35:34,-4.9667,23.45,71.67,92,55,1.1
120,Berlevag,NO,2022-05-07 19:35:35,70.8578,29.0864,37.35,81,100,26.46
121,Saskylakh,RU,2022-05-07 19:35:35,71.9167,114.0833,0.16,98,18,7.2
122,Khatanga,RU,2022-05-07 19:35:35,71.9667,102.5,-8.99,100,98,6.29
123,Lavrentiya,RU,2022-05-07 19:35:36,65.5833,-171.0,28.85,91,60,6.69
124,Ingham,US,2022-05-07 19:35:36,42.6,-84.3833,65.84,25,0,9.22
125,Babu,CN,2022-05-07 19:35:37,24.4167,111.5167,71.67,97,100,1.28
126,Saint George,US,2022-05-07 19:31:41,37.1041,-113.5841,88.63,16,0,20.71
127,Vanderhoof,CA,2022-05-07 19:35:37,54.0166,-124.0198,51.37,34,88,6.82
128,Pevek,RU,2022-05-07 19:35:38,69.7008,170.3133,25.61,90,100,5.14
129,Hereford,GB,2022-05-07 19:35:38,52.0568,-2.7148,59.99,69,48,4.38
130,Kaitangata,NZ,2022-05-07 19:35:39,-46.2817,169.8464,54.19,92,100,1.1
131,Fayaoue,NC,2022-05-07 19:35:39,-20.65,166.5333,76.53,63,72,21.94
132,Provideniya,RU,2022-05-07 19:35:25,64.3833,-173.3,32.36,89,100,7.49
133,Atambua,ID,2022-05-07 19:35:40,-9.1061,124.8925,73.27,89,36,6.71
134,Kiruna,SE,2022-05-07 19:35:40,67.8557,20.2251,31.12,69,20,14.97
135,Zhigansk,RU,2022-05-07 19:35:41,66.7697,123.3711,22.91,87,100,7.85
136,Hanzhong,CN,2022-05-07 19:35:41,33.0728,107.0303,62.76,79,2,3.76
137,Kahului,US,2022-05-07 19:33:16,20.8947,-156.47,77.02,74,40,16.11
138,Careiro Da Varzea,BR,2022-05-07 19:35:42,-3.2003,-59.8119,84.83,80,89,3.58
139,Palafrugell,ES,2022-05-07 19:35:42,41.9174,3.1631,70.43,38,91,1.01
140,Khor,RU,2022-05-07 19:35:43,47.8861,134.9464,40.37,69,100,5.26
141,Muros,ES,2022-05-07 19:35:43,42.7762,-9.0603,72.68,72,100,3.47
142,Merta,IN,2022-05-07 19:35:43,26.65,74.0333,90.21,15,0,8.63
143,Barreirinha,BR,2022-05-07 19:35:44,-2.7933,-57.07,83.16,79,97,2.98
144,Lamu,KE,2022-05-07 19:35:44,-2.2717,40.902,82.62,83,92,16.58
145,Kismayo,SO,2022-05-07 19:35:45,-0.3582,42.5454,80.42,86,82,10.76
146,Camacha,PT,2022-05-07 19:35:45,33.0833,-16.3333,60.22,77,20,10.36
147,Faanui,PF,2022-05-07 19:35:46,-16.4833,-151.75,81.37,76,0,7.47
148,Marzuq,YE,2022-05-07 19:35:46,14.4,46.4667,76.35,40,97,6.11
149,Sao Filipe,CV,2022-05-07 19:35:46,14.8961,-24.4956,73.71,79,44,16.89
150,Flinders,AU,2022-05-07 19:35:47,-34.5833,150.8552,56.17,63,0,8.01
151,Salinas,US,2022-05-07 19:34:11,36.6777,-121.6555,72.99,62,75,17.27
152,Kununurra,AU,2022-05-07 19:35:47,-15.7667,128.7333,71.58,37,2,6.91
153,Hasaki,JP,2022-05-07 19:35:48,35.7333,140.8333,61.29,90,44,14.09
154,Talnakh,RU,2022-05-07 19:35:48,69.4865,88.3972,7.5,81,4,13.53
155,Bonavista,CA,2022-05-07 19:35:49,48.6499,-53.1147,37.53,66,81,20.36
156,Beringovskiy,RU,2022-05-07 19:35:49,63.05,179.3167,32.67,86,99,7.36
157,Dmytrivka,UA,2022-05-07 19:35:50,45.9717,28.9864,47.05,52,57,7.07
158,Hit,IQ,2022-05-07 19:35:50,33.6416,42.8251,69.46,31,2,3.62
159,Grand Gaube,MU,2022-05-07 19:35:50,-20.0064,57.6608,77.38,73,9,8.01
160,Saint-Francois,FR,2022-05-07 19:35:46,46.4154,3.9054,58.44,67,40,8.05
161,Ahipara,NZ,2022-05-07 19:35:51,-35.1667,173.1667,56.86,84,28,3.6
162,Tasiilaq,GL,2022-05-07 19:35:51,65.6145,-37.6368,32.16,70,97,5.95
163,La Ronge,CA,2022-05-07 19:35:52,55.1001,-105.2842,61.02,41,75,6.91
164,Pacific Grove,US,2022-05-07 19:35:52,36.6177,-121.9166,71.55,73,40,17.27
165,Lilongwe,MW,2022-05-07 19:35:22,-13.9669,33.7873,64.26,71,49,2.59
166,Jawhar,SO,2022-05-07 19:35:53,2.7809,45.5005,79.66,82,97,13.4
167,San Juan,AR,2022-05-07 19:34:39,-31.5375,-68.5364,79.41,17,100,9.55
168,Namatanai,PG,2022-05-07 19:35:53,-3.6667,152.4333,79.5,84,54,8.3
169,Koungou,YT,2022-05-07 19:35:54,-12.7336,45.2042,80.31,83,20,8.05
170,Panama City,PA,2022-05-07 19:35:54,8.9936,-79.5197,89.38,73,40,17.27
171,Te Anau,NZ,2022-05-07 19:35:01,-45.4167,167.7167,56.95,96,100,1.07
172,Carira,BR,2022-05-07 19:35:55,-10.3608,-37.7011,77.9,60,33,12.5
173,Alice Springs,AU,2022-05-07 19:35:55,-23.7,133.8833,35.15,69,0,0.0
174,Lakes Entrance,AU,2022-05-07 19:35:56,-37.8811,147.981,55.17,76,100,16.04
175,Pisco,PE,2022-05-07 19:35:56,-13.7,-76.2167,68.05,83,0,14.97
176,Carballo,ES,2022-05-07 19:35:57,43.213,-8.691,69.22,71,100,2.04
177,Sabha,LY,2022-05-07 19:35:50,27.0377,14.4283,78.89,20,0,8.05
178,Nador,MA,2022-05-07 19:35:57,35.174,-2.9287,68.07,68,0,3.44
179,Kirakira,SB,2022-05-07 19:35:58,-10.4544,161.9205,80.83,84,74,10.27
180,Sinnamary,GF,2022-05-07 19:34:53,5.3833,-52.95,80.17,84,95,10.36
181,Broken Hill,AU,2022-05-07 19:32:33,-31.95,141.4333,44.31,81,0,3.44
182,Salalah,OM,2022-05-07 19:35:58,17.0151,54.0924,84.29,79,20,6.91
183,Santa Marinella,IT,2022-05-07 19:35:59,42.0345,11.8536,63.48,68,100,3.31
184,Camana,PE,2022-05-07 19:35:59,-16.6228,-72.7111,69.73,75,79,7.31
185,Souillac,MU,2022-05-07 19:36:00,-20.5167,57.5167,75.58,83,75,5.75
186,Obo,CF,2022-05-07 19:36:00,5.3998,26.4869,68.0,96,100,5.17
187,Mahebourg,MU,2022-05-07 19:36:01,-20.4081,57.7,77.25,83,75,5.75
188,Voh,NC,2022-05-07 19:36:01,-20.9667,164.7,71.78,81,100,8.12
189,Oussouye,SN,2022-05-07 19:36:01,12.485,-16.5469,75.42,67,3,9.89
190,Tutoia,BR,2022-05-07 19:36:02,-2.7619,-42.2744,80.13,88,61,5.97
191,Barabai,ID,2022-05-07 19:36:02,-2.5833,115.3833,74.41,98,85,1.16
192,Baneasa,RO,2022-05-07 19:36:03,44.0461,26.0642,58.89,75,77,8.32
193,Gogrial,SS,2022-05-07 19:36:03,8.5332,28.1004,84.15,54,93,6.08
194,Tezu,IN,2022-05-07 19:36:04,27.9167,96.1667,72.54,78,48,4.61
195,Mizusawa,JP,2022-05-07 19:36:04,39.1333,141.1333,46.11,83,86,10.0
196,Henties Bay,NA,2022-05-07 19:36:04,-22.116,14.2845,58.05,86,0,12.8
197,Hurghada,EG,2022-05-07 19:34:56,27.2574,33.8129,77.04,44,0,5.75
198,Vila Franca Do Campo,PT,2022-05-07 19:36:05,37.7167,-25.4333,66.61,91,93,1.19
199,Madimba,TZ,2022-05-07 19:36:06,-10.4,40.3333,75.9,88,7,9.31
200,Palmer,US,2022-05-07 19:36:06,42.1584,-72.3287,54.63,40,75,21.85
201,Chancay,PE,2022-05-07 19:36:06,-11.5714,-77.2672,69.39,76,28,9.44
202,Caborca,MX,2022-05-07 19:36:07,30.5838,-111.101,92.84,6,0,18.52
203,Buraydah,SA,2022-05-07 19:36:07,26.326,43.975,79.25,18,0,10.58
204,Hammerfest,NO,2022-05-07 19:36:08,70.6634,23.6821,34.25,93,100,33.38
205,Kizema,RU,2022-05-07 19:36:08,61.113,44.8302,49.12,80,91,9.86
206,Abha,SA,2022-05-07 19:36:09,18.2164,42.5053,66.02,68,0,3.44
207,Ponta Do Sol,PT,2022-05-07 19:36:09,32.6667,-17.1,66.13,68,34,7.4
208,Dunedin,NZ,2022-05-07 19:36:09,-45.8742,170.5036,61.81,57,100,3.94
209,Maroantsetra,MG,2022-05-07 19:36:10,-15.4333,49.7333,74.12,91,79,3.69
210,Kathu,TH,2022-05-07 19:36:10,7.9178,98.3332,87.69,99,100,9.22
211,Moerai,PF,2022-05-07 19:36:11,-22.4333,-151.3333,79.11,79,23,15.82
212,Hobyo,SO,2022-05-07 19:36:11,5.3505,48.5268,83.1,83,7,20.89
213,Sao Joao Da Barra,BR,2022-05-07 19:36:12,-21.6403,-41.0511,78.89,75,1,15.82
214,Isangel,VU,2022-05-07 19:36:12,-19.55,169.2667,74.98,64,15,17.63
215,Komsomolskiy,UZ,2022-05-07 19:36:13,40.4272,71.7189,70.52,52,0,6.91
216,Cidreira,BR,2022-05-07 19:36:13,-30.1811,-50.2056,65.25,69,0,6.02
217,Tara,RU,2022-05-07 19:36:14,56.8944,74.371,33.19,54,34,5.03
218,Katsuura,JP,2022-05-07 19:36:14,35.1333,140.3,60.82,92,18,5.79
219,Maltahohe,NA,2022-05-07 19:36:14,-24.8333,16.9833,51.1,57,0,14.38
220,Rawson,AR,2022-05-07 19:36:15,-43.3002,-65.1023,77.04,31,22,10.04
221,Kilimatinde,TZ,2022-05-07 19:36:15,-5.85,34.95,67.93,66,43,3.8
222,Port Lincoln,AU,2022-05-07 19:36:16,-34.7333,135.8667,55.49,79,1,2.42
223,Quatre Cocos,MU,2022-05-07 19:36:16,-20.2078,57.7625,77.09,79,30,15.05
224,Meulaboh,ID,2022-05-07 19:36:17,4.1363,96.1285,76.77,90,100,6.08
225,Deputatskiy,RU,2022-05-07 19:36:17,69.3,139.9,2.12,95,47,5.5
226,Bambous Virieux,MU,2022-05-07 19:36:18,-20.3428,57.7575,77.22,83,75,5.75
227,Margate,GB,2022-05-07 19:36:18,51.3813,1.3862,55.31,89,5,5.01
228,Malakal,SS,2022-05-07 19:36:18,9.5334,31.6605,87.84,48,66,5.39
229,Fortuna,US,2022-05-07 19:36:19,40.5982,-124.1573,55.65,88,100,12.66
230,Cabo San Lucas,MX,2022-05-07 19:32:18,22.8909,-109.9124,88.9,26,0,3.44
231,Boone,US,2022-05-07 19:36:19,39.0334,-92.3335,73.8,55,0,9.64
232,Esso,RU,2022-05-07 19:36:20,55.9333,158.7,34.43,85,40,4.65
233,Tuatapere,NZ,2022-05-07 19:36:20,-46.1333,167.6833,55.09,97,100,1.57
234,Tabou,CI,2022-05-07 19:36:21,4.423,-7.3528,81.75,80,100,8.72
235,Chabahar,IR,2022-05-07 19:36:21,25.2919,60.643,80.89,81,0,5.73
236,Conceicao Do Araguaia,BR,2022-05-07 19:36:22,-8.2578,-49.2647,84.6,72,38,3.22
237,Lompoc,US,2022-05-07 19:32:38,34.6391,-120.4579,77.68,64,0,25.32
238,Umm Lajj,SA,2022-05-07 19:36:22,25.0213,37.2685,76.89,48,0,11.03
239,Llanes,ES,2022-05-07 19:36:23,43.4198,-4.7549,59.2,88,76,6.64
240,Haines Junction,CA,2022-05-07 19:36:23,60.7522,-137.5108,35.55,87,100,2.3
241,Masterton,NZ,2022-05-07 19:36:23,-40.9597,175.6575,57.88,91,77,5.28
242,Praia Da Vitoria,PT,2022-05-07 19:36:24,38.7333,-27.0667,66.76,82,75,2.44
243,Viedma,AR,2022-05-07 19:36:24,-40.8135,-62.9967,76.12,27,9,18.88
244,Bayshore Gardens,US,2022-05-07 19:36:25,27.4253,-82.5904,86.14,64,40,11.5
245,Hamilton,US,2022-05-07 19:32:04,39.1834,-84.5333,61.07,76,100,18.41
246,Shirokiy,RU,2022-05-07 19:36:25,49.758,129.523,35.42,74,0,8.46
247,Yulara,AU,2022-05-07 19:36:26,-25.2406,130.9889,44.44,57,0,6.91
248,Muyezerskiy,RU,2022-05-07 19:36:26,63.9333,31.65,36.93,93,100,7.23
249,Belaya Gora,RU,2022-05-07 19:36:27,68.5333,146.4167,18.23,91,100,11.45
250,Maromitsa,RU,2022-05-07 19:36:27,59.8683,48.0123,46.04,74,24,8.63
251,San Patricio,US,2022-05-07 19:36:27,28.017,-97.5169,97.52,38,0,14.88
252,Clyde River,CA,2022-05-07 19:36:28,70.4692,-68.5914,19.63,86,100,3.44
253,Kamaishi,JP,2022-05-07 19:36:28,39.2667,141.8833,47.8,84,88,6.29
254,Guzelyurt,TR,2022-05-07 19:36:29,38.2772,34.3719,40.46,84,77,2.93
255,Batticaloa,LK,2022-05-07 19:36:29,7.7102,81.6924,81.64,79,100,5.14
256,Gat,IL,2022-05-07 19:36:30,31.61,34.7642,65.08,72,47,4.63
257,Yeppoon,AU,2022-05-07 19:36:30,-23.1333,150.7333,65.98,84,100,7.81
258,Kieta,PG,2022-05-07 19:36:30,-6.2167,155.6333,78.78,84,71,0.94
259,Maldonado,UY,2022-05-07 19:32:10,-34.6667,-54.9167,70.99,71,100,0.83
260,Santana Do Livramento,BR,2022-05-07 19:36:31,-30.8908,-55.5328,64.98,74,0,4.32
261,Luanda,AO,2022-05-07 19:34:32,-8.8368,13.2343,78.8,94,20,4.61
262,Port Macquarie,AU,2022-05-07 19:31:41,-31.4333,152.9167,49.89,67,78,7.14
263,Bairiki,KI,2022-05-07 19:36:32,1.3292,172.9752,80.6,83,20,10.36
264,Churapcha,RU,2022-05-07 19:36:32,62.0025,132.4325,30.87,93,100,3.2
265,Yamethin,MM,2022-05-07 19:36:33,20.4333,96.15,78.19,82,92,3.53
266,Vardo,NO,2022-05-07 19:36:33,70.3705,31.1107,36.88,79,19,28.25
267,Flin Flon,CA,2022-05-07 19:36:33,54.7682,-101.865,62.44,51,100,3.44
268,Comodoro Rivadavia,AR,2022-05-07 19:36:34,-45.8667,-67.5,73.26,40,0,23.02
269,Abu Dhabi,AE,2022-05-07 19:35:07,24.4667,54.3667,93.31,40,0,6.91
270,Touros,BR,2022-05-07 19:36:34,-5.1989,-35.4608,76.08,86,100,11.83
271,Santa Marta,CO,2022-05-07 19:34:28,11.2408,-74.199,91.45,62,40,8.05
272,Talcahuano,CL,2022-05-07 19:36:35,-36.7167,-73.1167,60.48,63,20,11.5
273,Pangnirtung,CA,2022-05-07 19:36:35,66.1451,-65.7125,15.8,86,75,4.61
274,Benito Juarez,MX,2022-05-07 19:36:36,19.385,-99.165,84.02,22,20,5.75
275,Nabire,ID,2022-05-07 19:36:36,-3.3667,135.4833,75.96,96,99,2.73
276,Jalu,LY,2022-05-07 19:36:37,29.0331,21.5482,78.13,30,98,13.76
277,Dalvik,IS,2022-05-07 19:36:37,65.9702,-18.5286,48.13,74,100,3.87
278,Wilmington,US,2022-05-07 19:32:29,34.2257,-77.9447,80.51,56,75,17.27
279,Nenjiang,CN,2022-05-07 19:36:38,49.1833,125.2167,40.71,62,0,1.48
280,Pemangkat,ID,2022-05-07 19:36:38,1.1667,108.9667,77.72,88,86,6.8
281,Puerto El Triunfo,SV,2022-05-07 19:36:39,13.2833,-88.55,94.12,68,41,8.99
282,Porto Novo,BJ,2022-05-07 19:36:39,6.4965,2.6036,79.63,82,46,5.14
283,Hofn,IS,2022-05-07 19:36:39,64.2539,-15.2082,44.1,77,10,11.74
284,Nanortalik,GL,2022-05-07 19:36:40,60.1432,-45.2371,39.9,74,100,5.55
285,Natal,BR,2022-05-07 19:33:25,-5.795,-35.2094,82.62,83,100,8.05
286,Lima,PE,2022-05-07 19:35:26,-12.0432,-77.0282,71.85,60,0,11.5
287,Christchurch,NZ,2022-05-07 19:36:41,-43.5333,172.6333,56.41,81,61,5.75
288,Caravelas,BR,2022-05-07 19:36:41,-17.7125,-39.2481,74.34,90,90,12.59
289,Rassvet,RU,2022-05-07 19:36:41,46.8333,40.75,49.3,61,86,6.11
290,Sobolevo,RU,2022-05-07 19:36:42,54.4299,31.8996,49.84,84,99,10.67
291,Awjilah,LY,2022-05-07 19:36:42,29.1081,21.2869,76.46,33,100,17.36
292,Erdenet,MN,2022-05-07 19:36:43,49.0333,104.0833,43.48,66,0,6.11
293,Garowe,SO,2022-05-07 19:36:44,8.4054,48.4845,83.95,61,84,13.96
294,Yar-Sale,RU,2022-05-07 19:36:44,66.8333,70.8333,15.17,94,9,8.66
295,Suifenhe,CN,2022-05-07 19:36:45,44.4,131.1667,33.42,89,66,5.28
296,Tautira,PF,2022-05-07 19:36:45,-17.7333,-149.15,80.4,77,7,1.97
297,Alexandria,EG,2022-05-07 19:31:58,31.2156,29.9553,66.16,59,0,3.44
298,Rockland,US,2022-05-07 19:36:45,41.1668,-74.0496,52.66,86,100,1.01
299,Ankazoabo,MG,2022-05-07 19:36:46,-22.2833,44.5167,70.02,78,1,4.59
300,Port Pirie,AU,2022-05-07 19:36:46,-33.1833,138.0167,44.69,69,0,3.8
301,Puerto Lempira,HN,2022-05-07 19:36:47,15.2667,-83.7667,89.74,70,40,8.05
302,Nome,US,2022-05-07 19:36:47,64.5011,-165.4064,32.16,93,100,14.97
303,Nelson Bay,AU,2022-05-07 19:36:48,-32.7167,152.15,52.0,81,7,1.99
304,Noumea,NC,2022-05-07 19:36:48,-22.2763,166.4572,75.0,99,97,10.71
305,Samarai,PG,2022-05-07 19:36:48,-10.6167,150.6667,82.72,80,39,12.95
306,Bairnsdale,AU,2022-05-07 19:36:49,-37.8333,147.6167,55.06,77,100,9.4
307,Turangi,NZ,2022-05-07 19:36:49,-39.0,175.9333,46.38,88,69,2.06
308,Iquitos,PE,2022-05-07 19:35:09,-3.7481,-73.2472,84.24,74,75,5.75
309,Nivala,FI,2022-05-07 19:36:50,63.9167,24.9667,40.68,73,3,7.4
310,Anloga,GH,2022-05-07 19:36:50,5.7947,0.8973,82.2,80,52,9.44
311,Tabory,RU,2022-05-07 19:36:51,58.5198,64.5495,40.86,92,62,7.94
312,Mercedes,AR,2022-05-07 19:36:51,-34.6515,-59.4307,75.85,45,42,8.48
313,Mount Gambier,AU,2022-05-07 19:36:52,-37.8333,140.7667,48.11,87,100,4.61
314,Paamiut,GL,2022-05-07 19:36:52,61.994,-49.6678,34.18,87,57,13.67
315,Vereshchagino,RU,2022-05-07 19:36:53,58.0789,54.6557,42.98,76,33,7.31
316,Marienburg,PL,2022-05-07 19:36:53,54.0359,19.0266,57.88,90,93,4.41
317,Shaunavon,CA,2022-05-07 19:36:54,49.6501,-108.4181,56.98,50,100,13.38
318,Usevya,TZ,2022-05-07 19:36:54,-7.1,31.2333,67.23,76,11,2.37
319,Omboue,GA,2022-05-07 19:36:55,-1.5746,9.2618,76.32,89,95,3.89
320,Manta,EC,2022-05-07 19:36:55,-0.95,-80.7333,80.06,76,50,12.15
321,Goya,AR,2022-05-07 19:36:55,-29.14,-59.2626,70.95,59,100,5.99
322,Whitehorse,CA,2022-05-07 19:36:56,60.7161,-135.0538,39.81,86,75,3.0
323,Newcastle,AU,2022-05-07 19:36:55,-32.9272,151.7765,51.71,74,0,13.8
324,Urdaneta,PH,2022-05-07 19:36:56,15.9761,120.5711,78.53,77,100,4.83
325,Panaba,MX,2022-05-07 19:36:57,21.2833,-88.2667,102.25,28,4,2.8
326,Umba,RU,2022-05-07 19:36:57,66.6871,34.3429,36.81,93,100,9.06
327,Cap Malheureux,MU,2022-05-07 19:36:58,-19.9842,57.6142,77.47,73,8,8.01
328,Bicester,GB,2022-05-07 19:36:58,51.9,-1.1536,62.38,76,0,8.05
329,Tianguismanalco,MX,2022-05-07 19:36:59,18.95,-98.4333,84.85,24,52,10.76
330,Mirandopolis,BR,2022-05-07 19:36:59,-21.1336,-51.1017,78.58,33,4,6.02
331,Kisanga,TZ,2022-05-07 19:37:00,-7.4362,37.7034,75.81,77,87,2.64
332,Saint-Augustin,CA,2022-05-07 19:37:00,51.226,-58.6502,41.52,44,100,15.01
333,Dingle,PH,2022-05-07 19:37:00,10.9995,122.6711,78.26,88,10,8.46
334,Union,US,2022-05-07 19:36:46,40.6334,-74.2663,48.94,92,100,11.5
335,Penzance,GB,2022-05-07 19:37:01,50.1186,-5.5371,56.08,91,100,8.72
336,San Antonio,US,2022-05-07 19:32:20,29.4241,-98.4936,101.07,43,0,10.36
337,Svetlaya,RU,2022-05-07 19:37:02,46.5389,138.3297,41.5,89,100,7.78
338,Alibag,IN,2022-05-07 19:37:02,18.6411,72.8792,86.07,75,5,8.68
339,Mataram,ID,2022-05-07 19:37:03,-8.5833,116.1167,79.27,87,9,4.27
340,Jiuquan,CN,2022-05-07 19:36:53,39.7432,98.5174,56.5,27,100,5.46
341,Bethel,US,2022-05-07 19:37:03,41.3712,-73.414,54.36,59,75,14.97
342,Bowen,AU,2022-05-07 19:37:04,-20.0167,148.2333,74.8,88,100,12.08
343,Erenhot,CN,2022-05-07 19:37:04,43.6475,111.9767,45.37,22,3,11.14
344,Naranjal,EC,2022-05-07 19:37:04,-2.6667,-79.6167,82.8,79,73,4.45
345,Big Rapids,US,2022-05-07 19:37:05,43.6981,-85.4837,66.69,24,0,8.05
346,Krasnyy Chikoy,RU,2022-05-07 19:37:05,50.3643,108.7512,35.87,88,0,4.52
347,Luderitz,NA,2022-05-07 19:37:06,-26.6481,15.1594,57.18,72,0,21.63
348,Porto Belo,BR,2022-05-07 19:37:06,-27.1578,-48.5531,73.35,62,55,4.97
349,Akdepe,TM,2022-05-07 19:37:07,42.0551,59.3788,69.89,63,90,13.65
350,Naron,ES,2022-05-07 19:37:07,43.5167,-8.1528,68.85,73,100,6.2
351,Payo,ID,2022-05-07 19:37:08,-3.7508,103.6372,73.98,99,100,2.48
352,Nerchinskiy Zavod,RU,2022-05-07 19:37:08,51.3088,119.61,38.41,25,0,1.1
353,Itoman,JP,2022-05-07 19:37:09,26.1247,127.6694,75.22,94,75,6.91
354,Beyneu,KZ,2022-05-07 19:37:09,45.3167,55.2,66.76,48,83,18.34
355,Chesma,RU,2022-05-07 19:37:09,53.8111,60.6533,43.45,35,2,4.07
356,Mareeba,AU,2022-05-07 19:34:59,-17.0,145.4333,72.32,93,99,2.91
357,Sayville,US,2022-05-07 19:37:10,40.7359,-73.0821,48.38,88,100,18.41
358,Sur,OM,2022-05-07 19:37:10,22.5667,59.5289,84.76,62,0,11.61
359,Puerto Del Rosario,ES,2022-05-07 19:37:11,28.5004,-13.8627,69.55,78,0,16.11
360,Hurricane,US,2022-05-07 19:32:25,37.1753,-113.2899,86.7,16,14,15.1
361,Ojinaga,MX,2022-05-07 19:37:12,29.5667,-104.4167,100.58,12,0,8.05
362,Vanimo,PG,2022-05-07 19:37:12,-2.6741,141.3028,78.24,90,96,5.79
363,Barcelos,PT,2022-05-07 19:34:58,41.5388,-8.6151,69.85,68,96,2.24
364,Grootfontein,NA,2022-05-07 19:37:13,-19.5667,18.1167,56.77,54,0,3.44
365,Sergeyevka,KZ,2022-05-07 19:37:13,53.88,67.4158,42.98,36,0,4.99
366,Cordoba,AR,2022-05-07 19:37:14,-31.4135,-64.1811,80.76,38,0,12.66
367,Gambela,ET,2022-05-07 19:37:14,8.25,34.5833,78.6,68,97,0.76
368,Ilulissat,GL,2022-05-07 19:37:14,69.2167,-51.1,28.42,59,0,6.91
369,Silver City,US,2022-05-07 19:37:15,32.7701,-108.2803,83.91,8,0,21.85
370,Bathsheba,BB,2022-05-07 19:37:15,13.2167,-59.5167,84.81,70,40,11.5
371,Avera,US,2022-05-07 19:37:16,33.194,-82.5271,72.91,43,76,17.22
372,Coos Bay,US,2022-05-07 19:36:23,43.3665,-124.2179,54.32,82,75,16.11
373,Mecca,SA,2022-05-07 19:35:11,21.4267,39.8261,78.22,46,0,8.43
374,Port Hardy,CA,2022-05-07 19:37:16,50.6996,-127.4199,50.18,62,75,11.5
375,Alofi,NU,2022-05-07 19:34:53,-19.0595,-169.9187,75.09,94,75,5.75
376,Waingapu,ID,2022-05-07 19:37:17,-9.6567,120.2641,78.98,87,21,9.93
377,Aripuana,BR,2022-05-07 19:37:18,-9.1667,-60.6333,82.17,74,98,1.72
378,Nattam,IN,2022-05-07 19:37:18,10.2333,78.2333,82.13,62,100,2.51
379,Kristiansund,NO,2022-05-07 19:37:18,63.1115,7.732,42.85,65,75,18.41
380,San Quintin,MX,2022-05-07 19:37:19,30.4833,-115.95,66.2,69,8,11.74
381,Ulaanbaatar,MN,2022-05-07 19:34:57,47.9077,106.8832,28.53,93,0,0.0
382,Agadez,NE,2022-05-07 19:37:20,19.75,10.25,91.4,15,67,11.5
383,Fort Nelson,CA,2022-05-07 19:35:33,58.8053,-122.7002,40.59,70,100,20.71
384,Athabasca,CA,2022-05-07 19:37:20,54.7169,-113.2854,48.61,61,100,18.23
385,Marystown,CA,2022-05-07 19:33:15,47.1666,-55.1483,43.86,100,10,17.0
386,Pueblo Nuevo,MX,2022-05-07 19:37:21,23.3833,-105.3833,81.37,21,0,9.22
387,Ayia Galini,GR,2022-05-07 19:37:21,35.1,24.6833,59.85,76,82,3.51
388,Adrar,MR,2022-05-07 19:36:37,20.5022,-10.0711,93.74,13,52,6.49
389,Aden,YE,2022-05-07 19:35:41,12.7794,45.0367,85.12,72,81,8.25
390,Portland,US,2022-05-07 19:37:19,45.5234,-122.6762,54.25,73,100,9.22
391,Bongandanga,CD,2022-05-07 19:37:22,1.5,21.05,73.26,89,56,2.75
392,Myitkyina,MM,2022-05-07 19:37:22,25.3833,97.4,73.49,70,9,1.25
393,Ust-Nera,RU,2022-05-07 19:37:23,64.5667,143.2,24.71,94,100,2.95
394,Moron,AR,2022-05-07 19:37:23,-34.6534,-58.6198,74.95,63,100,3.83
395,Srandakan,ID,2022-05-07 19:37:24,-7.9386,110.2506,76.89,91,90,3.4
396,Damghan,IR,2022-05-07 19:37:24,36.1683,54.348,68.56,45,100,3.74
397,Kailua,US,2022-05-07 19:37:24,21.4022,-157.7394,77.02,76,100,8.05
398,Richards Bay,ZA,2022-05-07 19:37:25,-28.783,32.0377,67.8,91,15,3.58
399,Ambon,ID,2022-05-07 19:35:11,-3.6954,128.1814,75.34,94,40,5.75
400,Ginda,IN,2022-05-07 19:37:25,30.6945,78.4932,59.43,37,2,7.61
401,Cairns,AU,2022-05-07 19:37:26,-16.9167,145.7667,76.95,91,40,8.05
402,Shambu,ET,2022-05-07 19:37:26,9.5667,37.1,59.11,61,100,2.24
403,Nara,JP,2022-05-07 19:35:47,34.6851,135.8049,60.49,48,46,5.86
404,Ixtapa,MX,2022-05-07 19:37:27,20.7,-105.2,81.63,61,0,10.36
405,Vostok,RU,2022-05-07 19:36:33,46.4856,135.8833,31.32,97,100,3.24
406,Husavik,IS,2022-05-07 19:37:27,66.0449,-17.3389,41.32,71,100,2.89
407,Torres,BR,2022-05-07 19:37:28,-29.3353,-49.7269,67.82,70,0,5.59
408,Dryden,CA,2022-05-07 19:35:37,49.7833,-92.7503,70.09,30,0,16.11
409,Greenville,US,2022-05-07 19:37:29,35.6127,-77.3663,80.62,47,40,8.05
410,Iskateley,RU,2022-05-07 19:37:29,67.6803,53.1512,36.95,100,100,13.35
411,Sao Paulo Do Potengi,BR,2022-05-07 19:37:29,-5.895,-35.7628,80.71,94,100,7.49
412,Merauke,ID,2022-05-07 19:37:30,-8.4667,140.3333,79.09,89,100,10.89
413,Zhigalovo,RU,2022-05-07 19:37:30,54.8097,105.1578,49.75,68,100,9.84
414,Kastamonu,TR,2022-05-07 19:37:31,41.5,33.6667,41.22,93,100,3.42
415,Haldibari,IN,2022-05-07 19:37:10,26.3333,88.7667,78.24,70,5,4.05
416,Wanaka,NZ,2022-05-07 19:37:31,-44.7,169.15,58.1,88,100,1.99
417,Petropavlovsk-Kamchatskiy,RU,2022-05-07 19:37:32,53.0452,158.6483,39.79,87,0,6.71
418,Yavatmal,IN,2022-05-07 19:37:32,20.4,78.1333,90.64,25,61,5.68
419,Hambantota,LK,2022-05-07 19:37:33,6.1241,81.1185,80.78,83,100,12.46
420,Myshkin,RU,2022-05-07 19:37:33,57.7897,38.4545,51.08,73,76,10.56
421,Grants,US,2022-05-07 19:37:33,35.1473,-107.8514,80.83,9,0,14.97
422,Chopinzinho,BR,2022-05-07 19:37:34,-25.8558,-52.5233,65.01,80,55,2.51
423,Labytnangi,RU,2022-05-07 19:37:34,66.6572,66.4183,23.32,97,96,3.44
424,Kenai,US,2022-05-07 19:35:17,60.5544,-151.2583,56.03,61,0,10.36
425,Sept-Iles,CA,2022-05-07 19:33:42,50.2001,-66.3821,44.06,55,0,14.0
426,Kondoa,TZ,2022-05-07 19:37:35,-4.9,35.7833,62.47,76,55,4.9
427,Yumen,CN,2022-05-07 19:37:35,40.2833,97.2,52.36,24,5,4.92
428,Grindavik,IS,2022-05-07 19:37:36,63.8424,-22.4338,46.87,76,75,24.16
429,Huarmey,PE,2022-05-07 19:37:36,-10.0681,-78.1522,70.77,77,15,11.95
430,Chhabra,IN,2022-05-07 19:37:37,24.6667,76.8333,92.21,16,0,4.23
431,Vestmannaeyjar,IS,2022-05-07 19:37:04,63.4427,-20.2734,44.6,86,100,25.93
432,Denpasar,ID,2022-05-07 19:37:37,-8.65,115.2167,82.06,88,20,2.3
433,Conselheiro Pena,BR,2022-05-07 19:37:38,-19.1722,-41.4722,75.65,82,12,3.91
434,Launceston,AU,2022-05-07 19:37:38,-41.45,147.1667,47.34,81,40,4.61
435,Smithers,CA,2022-05-07 19:37:39,54.7804,-127.1743,44.92,49,100,6.91
436,Matay,EG,2022-05-07 19:37:39,28.419,30.7792,76.71,19,99,8.55
437,Mehamn,NO,2022-05-07 19:37:40,71.0357,27.8492,37.31,96,100,33.44
438,Rock Sound,BS,2022-05-07 19:37:40,24.9,-76.2,79.66,78,75,12.86
439,Slyudyanka,RU,2022-05-07 19:37:40,51.6594,103.7061,46.81,58,1,5.1
440,Oneonta,US,2022-05-07 19:32:58,42.4529,-75.0638,57.65,48,100,13.73
441,Jambi,ID,2022-05-07 19:37:41,-1.6,103.6167,75.02,98,100,3.89
442,Shaki,AZ,2022-05-07 19:37:41,41.0833,47.1667,54.61,96,100,6.22
443,Santa Maria,BR,2022-05-07 19:37:42,-29.6842,-53.8069,69.1,56,0,9.22
444,Tecolutilla,MX,2022-05-07 19:37:42,18.2833,-93.3167,101.98,32,36,4.27
445,Asau,RO,2022-05-07 19:37:43,46.4333,26.4,50.92,69,95,1.34
446,Aki,JP,2022-05-07 19:37:43,33.5,133.9,60.78,85,11,4.27
447,Santa Barbara,US,2022-05-07 19:37:43,34.7333,-120.0343,70.9,52,0,12.66
448,Yaan,NG,2022-05-07 19:37:44,7.3833,8.5667,82.58,68,100,10.25
449,Shizunai,JP,2022-05-07 19:37:44,42.3339,142.3669,44.83,88,42,15.9
450,Kabin Buri,TH,2022-05-07 19:37:45,13.9511,101.7177,78.42,85,100,1.61
451,Tessalit,ML,2022-05-07 19:37:45,20.1986,1.0114,89.08,11,30,15.84
452,Kupang,ID,2022-05-07 19:37:46,-10.1667,123.5833,78.89,84,31,13.76
453,Didao,CN,2022-05-07 19:37:46,45.3667,130.8,36.0,91,44,5.46
454,Havelock,US,2022-05-07 19:37:46,34.8791,-76.9013,78.94,69,75,11.5
455,Borogontsy,RU,2022-05-07 19:37:47,62.6683,131.1683,30.0,87,100,1.68
456,Lashio,MM,2022-05-07 19:37:47,22.9333,97.75,68.68,75,0,1.34
457,Beloha,MG,2022-05-07 19:35:47,-25.1667,45.05,68.92,87,17,2.73
458,Gushikawa,JP,2022-05-07 19:37:48,26.3544,127.8686,74.43,94,75,12.66
459,Hearst,CA,2022-05-07 19:37:48,49.6835,-83.6665,62.85,21,18,5.66
460,Roma,US,2022-05-07 19:37:49,43.2128,-75.4557,62.74,21,0,8.05
461,Achikulak,RU,2022-05-07 19:37:49,44.5517,44.8378,46.24,78,100,4.94
462,Anqing,CN,2022-05-07 19:37:49,30.5092,117.0506,65.46,87,100,8.7
463,Karangasem,ID,2022-05-07 19:37:50,-8.45,115.6167,80.53,84,54,5.88
464,Aneho,TG,2022-05-07 19:37:50,6.2333,1.6,82.6,80,64,9.19
465,Naze,JP,2022-05-07 19:37:51,28.3667,129.4833,70.72,82,100,6.13
466,Bosaso,SO,2022-05-07 19:37:51,11.2842,49.1816,84.92,60,23,2.64
467,Tiquisate,GT,2022-05-07 19:37:52,14.2833,-91.3667,93.0,57,73,11.32
468,Hay River,CA,2022-05-07 19:37:52,60.8156,-115.7999,33.78,100,100,17.27
469,Manali,IN,2022-05-07 19:37:08,13.1667,80.2667,87.89,89,100,7.25
470,Raudeberg,NO,2022-05-07 19:37:53,61.9875,5.1352,41.67,74,84,12.97
471,Medea,DZ,2022-05-07 19:37:53,36.2642,2.7539,50.68,72,100,3.74
472,Aleksandrovka,UA,2022-05-07 19:37:54,46.8383,32.7612,50.13,60,100,5.57
473,Conde,BR,2022-05-07 19:37:54,-7.2597,-34.9075,80.06,83,75,8.05
474,Rio Grande,BR,2022-05-07 19:37:54,-32.035,-52.0986,75.31,67,0,6.26
475,Mayor Pablo Lagerenza,PY,2022-05-07 19:37:55,-19.9309,-60.7718,86.86,31,0,3.29
476,Kaeo,NZ,2022-05-07 19:37:55,-35.1,173.7833,51.33,95,9,3.8
477,Linxia,CN,2022-05-07 19:37:56,35.6003,103.2064,58.32,41,100,6.11
478,San Ramon,US,2022-05-07 19:37:56,37.7799,-121.978,69.94,57,75,16.11
479,Evensk,RU,2022-05-07 19:37:57,61.95,159.2333,31.26,98,100,15.08
480,The Pas,CA,2022-05-07 19:37:57,53.8251,-101.2541,55.42,76,100,8.05
481,Kapit,MY,2022-05-07 19:37:57,2.0167,112.9333,74.61,99,100,0.89
482,Gimli,CA,2022-05-07 19:37:58,50.6336,-96.9907,53.62,76,100,18.41
483,Rivera,UY,2022-05-07 19:37:58,-30.9053,-55.5508,65.17,74,0,4.38
484,Dargaville,NZ,2022-05-07 19:34:22,-35.9333,173.8833,53.58,89,11,3.29
485,Ponta Delgada,PT,2022-05-07 19:37:19,37.7333,-25.6667,66.92,82,20,4.61
486,Chapais,CA,2022-05-07 19:37:59,49.7834,-74.8492,46.18,37,15,3.51
487,Monte Alegre,BR,2022-05-07 19:37:59,-2.0078,-54.0692,82.9,80,45,3.0
488,Longyan,CN,2022-05-07 19:38:00,25.1072,117.0225,67.21,98,100,1.83
489,Gigmoto,PH,2022-05-07 19:38:00,13.7796,124.39,79.81,87,82,9.04
490,Namibe,AO,2022-05-07 19:38:01,-15.1961,12.1522,72.79,71,1,4.38
491,Chernyshevskiy,RU,2022-05-07 19:38:01,63.0128,112.4714,39.99,90,100,10.02
492,Amalapuram,IN,2022-05-07 19:38:02,16.5833,82.0167,80.6,90,74,4.81
493,Morehead,US,2022-05-07 19:38:02,37.2711,-87.1764,63.79,68,100,8.05
494,Pedasi,PA,2022-05-07 19:38:02,7.5333,-80.0333,83.12,68,9,4.92
495,Cochrane,CA,2022-05-07 19:36:04,51.1834,-114.4687,57.61,25,75,19.57
496,Kotka,FI,2022-05-07 19:38:03,60.4664,26.9458,40.26,87,99,11.48
497,Saint-Benoit,RE,2022-05-07 19:38:03,-21.038,55.7194,73.51,81,23,7.65
498,Vrangel,RU,2022-05-07 19:38:04,42.7297,133.0839,42.51,64,5,5.68
499,Taywarah,AF,2022-05-07 19:38:05,33.35,64.4167,55.63,46,4,6.46
500,Anadyr,RU,2022-05-07 19:38:05,64.75,177.4833,30.7,80,0,11.18
501,Nuevo Laredo,MX,2022-05-07 19:34:41,27.4763,-99.5164,100.67,32,0,11.5
502,Tual,ID,2022-05-07 19:38:06,-5.6667,132.75,84.58,78,20,19.89
503,Sola,VU,2022-05-07 19:38:06,-13.8833,167.55,81.57,71,3,19.37
504,Constitucion,CL,2022-05-07 19:38:07,-35.3333,-72.4167,60.76,65,3,13.09
505,Kinsale,IE,2022-05-07 19:38:07,51.7075,-8.5306,55.24,87,75,5.75
506,Batagay-Alyta,RU,2022-05-07 19:38:08,67.8006,130.4114,10.98,92,100,3.04
507,Westport,US,2022-05-07 19:38:08,41.1415,-73.3579,52.63,82,100,8.01
508,Aklavik,CA,2022-05-07 19:38:08,68.2191,-135.0107,39.2,56,20,9.22
509,Sao Desiderio,BR,2022-05-07 19:38:09,-12.3633,-44.9733,89.01,34,5,6.8
510,Alvinopolis,BR,2022-05-07 19:38:09,-20.1067,-43.0489,72.54,73,71,5.53
511,Bobo Dioulasso,BF,2022-05-07 19:38:10,11.1771,-4.2979,86.2,48,31,3.27
512,Oranjemund,NA,2022-05-07 19:38:10,-28.55,16.4333,55.78,88,0,10.2
513,Los Llanos De Aridane,ES,2022-05-07 19:38:11,28.6585,-17.9182,66.13,84,20,13.8
514,Victoria,HK,2022-05-07 19:35:03,22.2855,114.1577,77.38,76,100,8.01
515,Baykit,RU,2022-05-07 19:35:54,61.67,96.37,29.12,88,100,12.35
516,Korla,CN,2022-05-07 19:38:11,41.7597,86.1469,73.54,34,57,9.53
517,Olafsvik,IS,2022-05-07 19:38:12,64.8945,-23.7142,43.86,84,100,14.72
518,Roald,NO,2022-05-07 19:38:12,62.5833,6.1333,43.32,65,40,24.16
519,Mayo,US,2022-05-07 19:37:35,38.8876,-76.5119,52.21,93,100,13.8
520,Araripe,BR,2022-05-07 19:38:13,-7.2125,-40.0461,80.38,43,21,5.59
521,Okhotsk,RU,2022-05-07 19:38:13,59.3833,143.3,32.36,78,10,9.6
522,Slave Lake,CA,2022-05-07 19:38:14,55.2834,-114.769,40.98,87,100,14.97
523,Isiro,CD,2022-05-07 19:38:14,2.7739,27.616,67.96,94,88,1.19
524,Iqaluit,CA,2022-05-07 19:38:15,63.7506,-68.5145,29.93,42,75,10.36
525,Catamarca,AR,2022-05-07 19:38:15,-28.4696,-65.7852,75.78,42,12,7.0
526,Miyang,CN,2022-05-07 19:38:15,24.4042,103.4428,61.07,94,8,1.99
527,Whitianga,NZ,2022-05-07 19:38:16,-36.8333,175.7,55.74,78,92,3.2
528,The Valley,AI,2022-05-07 19:38:16,18.217,-63.0578,84.06,65,40,16.11
529,Alvaraes,BR,2022-05-07 19:38:17,-3.2208,-64.8042,85.87,94,95,3.15
530,Kifri,IQ,2022-05-07 19:38:17,34.6959,44.9661,66.72,33,2,4.65
531,Viisoara,RO,2022-05-07 19:38:18,46.55,23.9167,58.6,72,75,7.0
532,Esperance,AU,2022-05-07 19:38:18,-33.8667,121.9,51.64,48,100,18.05
533,Havre-Saint-Pierre,CA,2022-05-07 19:38:19,50.2334,-63.5986,41.36,52,0,17.27
534,Cuiluan,CN,2022-05-07 19:38:19,47.72,128.648,32.47,86,0,3.53
535,Kosa,RU,2022-05-07 19:38:19,59.9445,54.9977,44.13,75,83,7.99
536,Pingliang,CN,2022-05-07 19:38:20,35.5392,106.6861,58.44,82,95,2.91
537,Honiara,SB,2022-05-07 19:38:20,-9.4333,159.95,78.69,88,97,6.71
538,Miraflores,MX,2022-05-07 19:38:21,19.2167,-98.8083,83.05,21,27,2.3
539,Neiafu,TO,2022-05-07 19:38:21,-18.65,-173.9833,74.08,94,75,0.0
540,Maxixe,MZ,2022-05-07 19:38:22,-23.8597,35.3472,69.62,94,0,0.0
541,Masvingo,ZW,2022-05-07 19:38:22,-20.0637,30.8277,66.36,52,100,5.35
542,Hailar,CN,2022-05-07 19:38:22,49.2,119.7,41.67,31,6,5.86
543,Japura,ID,2022-05-07 19:38:23,-0.3167,102.35,76.33,97,100,1.81
